name,total,yes,maybe,email
Danielle Alvarez,11,11,0,ualvarado@example.org
Amanda Ortiz,13,13,0,kgonzalez@example.com
Evan Carpenter,13,13,0,cwilson@example.net
Katherine Kennedy,13,13,0,wagnermark@example.org
Dr. Adam,14,14,0,jacqueline97@example.net
Rebecca Nelson,14,14,0,kimberly32@example.net
Bruce Aguilar,15,15,0,robin92@example.org
Caitlyn Macias,15,15,0,heatherhoward@example.net
Stephen Duncan,15,15,0,hawkinsallison@example.org
Jeffrey Lewis,15,15,0,shawn83@example.com
Joseph Rosales,15,15,0,brittanyjones@example.com
Colleen Baker,15,15,0,ramireznathan@example.net
Brandon Allen,16,16,0,haroldsmith@example.com
Eric Golden,16,16,0,iward@example.com
Daniel Collins,16,16,0,philiphaley@example.org
Stephanie Adams,16,16,0,lisa16@example.org
Maxwell Anderson,17,17,0,laura15@example.com
Christopher Jefferson,17,17,0,emily22@example.org
Hailey Rose,17,17,0,dominic05@example.org
Leslie Taylor,17,17,0,christopher36@example.com
Lisa Powell,17,17,0,annettewalker@example.org
Tabitha Terry,17,17,0,richardgoodwin@example.net
John Thompson,18,18,0,todd89@example.com
Mr. Raymond,18,18,0,heatherburton@example.com
Russell White,18,18,0,carriewright@example.com
Lawrence Smith,18,18,0,zanderson@example.org
Tracy Pope,18,18,0,shawnharris@example.org
Sue Moore,18,18,0,spalmer@example.net
Savannah Riley,18,18,0,xlee@example.net
Jennifer Davis,18,18,0,wallacejennifer@example.com
Shawna Anderson,18,18,0,padkins@example.net
Emily Owens,18,18,0,craigdean@example.com
David Patel,19,19,0,edwardskelly@example.org
Amber Bush,19,19,0,donaldvasquez@example.com
Jodi Holder,19,19,0,xterrell@example.org
Jason Mason,19,19,0,hickskurt@example.com
Aaron Meza,19,19,0,raymondparker@example.org
Laura Duran,20,20,0,johnsonlouis@example.org
Tim Martinez,20,20,0,riverasarah@example.org
Dennis Barker,20,20,0,towens@example.net
Valerie Marsh,21,21,0,michael94@example.org
Jaclyn Mendoza,21,21,0,smithsavannah@example.org
Adam Wolf,21,21,0,mariaward@example.net
Brian Best,21,21,0,tiffany47@example.org
Jasmine Mendoza,21,21,0,ashleyreynolds@example.org
Theodore Flores,21,21,0,ubishop@example.net
Chad Burke,22,22,0,lauramorrison@example.net
Morgan Gates,22,22,0,gallagherkristina@example.com
Sherri Sanchez,22,22,0,patriciagardner@example.net
Donna Peterson,23,23,0,carlosphillips@example.com
Michael Miller,23,23,0,paulburgess@example.net
Diana Williams,23,23,0,tli@example.com
Kristie Castillo,23,23,0,baileymegan@example.com
Ruth Lee,24,24,0,trujillomegan@example.org
Monica Warner,24,24,0,jennifer37@example.org
Kenneth Webb,24,24,0,jbrown@example.com
Bobby Burke,24,24,0,martin01@example.net
Robert Lang,24,24,0,krystal08@example.com
Ruth Lee,24,24,0,trujillomegan@example.org
Jacob Mitchell,25,25,0,huangjoshua@example.net
Eric Clark,25,25,0,antoniofisher@example.net
Evan Harmon,25,25,0,sean77@example.net
Mrs. Sarah,25,25,0,jessicamoyer@example.com
Chase Martin,25,25,0,kellieosborn@example.net
Tony Nelson,25,25,0,suzanne93@example.net
Mrs. Sarah,25,25,0,jessicamoyer@example.com
Ashley Jones,26,26,0,okirk@example.org
Shelia Oconnell,26,26,0,carolynpeck@example.com
Carl Hebert,27,27,0,jacquelinebennett@example.org
Gary Gomez,27,27,0,tchung@example.com
Kelly Banks,28,28,0,lauren07@example.net
Victoria Wright,28,28,0,kaufmanlori@example.net
Benjamin Stevens,28,28,0,solisjohn@example.org
Sarah Parker,28,28,0,romerojennifer@example.net
Kimberly Ramos,28,28,0,thomas21@example.org
Michelle Fuller,29,29,0,felicia45@example.org
Erica White,29,29,0,chad47@example.org
Christopher Hays,30,30,0,stephaniebaker@example.org
Rachel Green,30,30,0,duartejamie@example.net
Andrew Thomas,32,32,0,juliafuentes@example.org
